title,url,thumbnail_tag,channel_name,description ,view,time
"Salaar Teaser | Prabhas, Prashanth Neel, Prithviraj, Shruthi Haasan, Hombale Films, Vijay Kiragandur",https://www.youtube.com/watch?v=bUR_FKt7Iso,"['https://i.ytimg.com/vi/bUR_FKt7Iso/hqdefault.jpg?sqp=-oaymwEcCPYBEIoBSFXyq4qpAw4IARUAAIhCGAFwAcABBg==&rs=AOn4CLDc0mBZ4pLvx_-Bde6A1RrAQYtidA', None]",Hombale Films,"THE MOST VIOLENT MEN... CALLED ONE MAN... THE MOST VIOLENT üî• Presenting our next feature #SalaarCeaseFire to the world From the Makers of ""KGF: Chapter 1 & 2,"" & the visionary director...",84M views,1 day ago
Sandeep Bhaiya | New Web Series | EP 02 | Decision Making,https://www.youtube.com/watch?v=t7roMhZg6zg,"[None, None]",The Viral Fever,"Bikhre sapno ko sawaarne ke liye sirf ek umeed hi kaafi hoti hai, aisa hi kuch hua hai Sandeep Bhaiya ke saath. Kya yahi ek umeed Sandeep Bhaiya ko wapas UPSC ka raasta dikha paayegi? Rate...",5.6M views,3 days ago
Yaar Ka Sataya Hua Hai | B Praak | Nawazuddin Siddiqui | Shehnaaz Gill | Jaani | Arvindr Khaira,https://www.youtube.com/watch?v=OBEOPnAO1hc,"[None, None]",DM - Desi Melodies,"Desi Melodies presents ‚ÄòYaar Ka Sataya Hua Hai‚Äô, the second single from B Praak‚Äôs debut album, ‚ÄúZohrajabeen‚Äù. Reuniting after their super hit 'Baarish Ki Jaaye', the all-star team...",17M views,3 days ago
I OPENED MY OWN CAR DEALERSHIP,https://www.youtube.com/watch?v=focAkPYSTXc,"[None, None]",Techno Gamerz,"I OPENED MY OWN CAR DEALERSHIP | CAR FOR SALE Subscribe to our Second YouTube Channel: https://www.youtube.com/c/UjjwalGamer Share, Support, Subscribe!!! Subscribe: http://bit.ly/technogamerz...",5.9M views,2 days ago
"#RockyAurRaniKiiPremKahaani - OFFICIAL TRAILER | Dharmendra, Jaya, Shabana, Ranveer, Alia | Karan",https://www.youtube.com/watch?v=6mdxy3zohEk,"[None, None]",Dharma Productions,"In his 25th anniversary year, Karan Johar brings to you - a rollercoaster journey taking you through an epic love story in a new-age era, topped with hearty laughs and posing questions about...",41M views,3 days ago
"Bawaal - Official Teaser | Varun Dhawan, Janhvi Kapoor | Prime Video India",https://www.youtube.com/watch?v=9tbOxIbVsxQ,"[None, None]",Prime Video India,National Award Winners Sajid Nadiadwala & Nitesh Tiwari bring to you Bawaal on Prime Video Presenting the official teaser of BAWAAL Varun Dhawan as Ajay Dixit Janhvi Kapoor as Nisha Produced...,7.6M views,2 days ago
Salaar Teaser Review | Yogi Bolta Hai,https://www.youtube.com/watch?v=bFNGbHzKMOY,"[None, None]",YOGI BOLTA HAI,Salaar Teaser Review By Yogi Bolta Hai Salaar Teaser Trailer Review By Yogi Bolta Hai Salaar Teaser Review Salaar Trailer Review #Salaar #SalaarTeaser #SalaarTeaserReview #YogiBoltaHai Editor...,875K views,1 day ago
Checkmate Official Trailer | Harsh Beniwal,https://www.youtube.com/watch?v=QtSMmKZe8_4,"[None, None]",Harsh Beniwal,"An assassin gets hired for a job that throws him in a murky pool of mishaps, eventually leading to a baffling secret. Subscribe: https://www.youtube.com/c/TheBrainHumour Like|Share|Comment...",2M views,2 days ago
Visiting Biggest Mountain - In India,https://www.youtube.com/watch?v=djgmY8hzXtY,"[None, None]",MR. INDIAN HACKER Vlogs,"We Visit Mount Abu & Guru Shikhar Located In Rajasthan. Guru Shikhar, a peak in the Arbuda Mountains of Sirohi district in Rajasthan, is the highest point of the Aravalli Range, Rajasthan,...",3M views,3 days ago
Jiju ki new car deliveryüòçsurprise,https://www.youtube.com/watch?v=GhAtWpRSTS8,"[None, None]",Paras Thakral Vlogs,Guys if you enjoyed this vlog Don't forget to Subscribe and turn on the notifications to get notified of our new vlogs. For business purpose and sponsership contact- Contactfitparas@gmail.com...,424K views,1 day ago
Kuwait 1 [4] - 1 [5] India | Full Highlights | FINAL | SAFF Championship 2023,https://www.youtube.com/watch?v=HwuXlfvkg5o,"[None, None]",Indian Football,"A glorious night in Indian football history unfolded on a terrific Tuesday at the Sree Kanteerava Stadium in Bengaluru, as the Blue Tigers defeated Kuwait 5-4 on penalties, to claim the Bangabandhu...",3.8M views,2 days ago
Puri Family K liye Gifts üòç,https://www.youtube.com/watch?v=ks0zT38XhRw,"[None, None]",Sourav Joshi Vlogs,Follow me on Instagram- https://www.instagram.com/souravjoshivlogs/?hl=en I hope you enjoyed this video hit likes. And do subscribe to my channel Thank you so much for watching god bless...,3.6M views,1 day ago
BHOOT BANGLA - The End ( Episode - 3 ) || Rachit Rojha,https://www.youtube.com/watch?v=2oQmziNI0Dg,"[None, None]",Rachit Rojha,Horror Comedy Bhoot Bangla Episode -3 --------------------------------------------------------------------------------- Follow me on Instagram: https://www.instagram.com/rachitrojha ---------------...,911K views,3 days ago
MY PARIS VLOG,https://www.youtube.com/watch?v=LqNaITij6fU,"[None, None]",Ujjwal,MY PARIS VLOG | TECHNO GAMERZ #paris #vlog #technogamerz Take Traya's free hair test: https://trayahealth.com/Ujjwal Use my code UJJWAL20 to get 20% off on your purchase. *Offer ends in...,1.6M views,3 days ago
‡§∂‡•ç‡§∞‡•Ä ‡§ï‡•É‡§∑‡•ç‡§£ ‡§≤‡•Ä‡§≤‡§æ | ‡§∂‡§Æ‡•ç‡§≠‡•ç‡§∞‡§æ‡§∏‡•Å‡§∞ ‡§ï‡•á ‡§™‡•Å‡§§‡•ç‡§∞ ‡§Æ‡§æ‡§Ø‡§æ‡§∏‡•Å‡§∞ ‡§ï‡§æ ‡§∂‡•ç‡§∞‡•Ä ‡§ï‡•É‡§∑‡•ç‡§£ ‡§®‡•á ‡§ï‡§ø‡§Ø‡§æ ‡§µ‡§ß,https://www.youtube.com/watch?v=QVVVyK9L6cw,"[None, None]",Tilak,‡§≠‡§ï‡•ç‡§§ ‡§ï‡•ã ‡§≠‡§ó‡§µ‡§æ‡§® ‡§∏‡•á ‡§î‡§∞ ‡§ú‡§ø‡§ú‡•ç‡§û‡§æ‡§∏‡•Å ‡§ï‡•ã ‡§ú‡•ç‡§û‡§æ‡§® ‡§∏‡•á ‡§ú‡•ã‡§°‡§º‡§®‡•á ‡§µ‡§æ‡§≤‡§æ ‡§è‡§ï ‡§Ö‡§®‡•ã‡§ñ‡§æ ‡§Ö‡§®‡•Å‡§≠‡§µ‡•§ ‡§§‡§ø‡§≤‡§ï...,324K views,1 day ago
SAFF Championship Final | India vs Kuwait Highlights,https://www.youtube.com/watch?v=42_61Vqnfe4,"[None, None]",FanCode,"üáÆüá≥ INDIA are SAFF ùêÇùêáùêÄùêåùêèùêàùêéùêçùêí for the 9Ô∏è‚É£th time! üíô Watch SAFF Championship 2023, STREAMING LIVE ONLY ON FANCODE üëâ https://bit.ly/SAFF-Championship2023...",948K views,2 days ago
MVP OR WHAT | BUGGATI CRATE OPENING | BGMI!,https://www.youtube.com/watch?v=FLlyE7ka52Y,"[None, None]",JONATHAN GAMING,"If you liked the Video don‚Äôt forget to Like, Share and Subscribe. Hey Guys, Welcome to my Youtube Channel, I'm Jonathan Amaral, you might know me as Jonathan Gaming. I started my professional...",2.8M views,Streamed 3 days ago
OnePlus Nord 3 Indian Unit Unboxing And First Impressions ‚ö°The Perfect Nord!,https://www.youtube.com/watch?v=O91TvMy6K8w,"[None, None]",Trakin Tech,Doston aaj ke video me hum unbox kar rahe hain India‚Äôs most awaited smartphone ko - OnePlus Nord 3. To aap ye video ant tak dekhiye aur video ko like and share karna na bhoole. #OnePlusNord3Unb...,940K views,1 day ago
HIMLANDS New Evil Arc of Falana Domination - Minecraft Himlands - Day 68 (S3 E5),https://www.youtube.com/watch?v=b9XDlBzKrdE,"[None, None]",Ezio18rip,"HIMLANDS NEW MADNESS BY FALANA - Minecraft Himlands - Day 68 - [S3 E5] In today video, Now me @ezio18rip @YesSmartyPie and @DREAMBOYYT was happy but this happiness didn't last for one hour...",843K views,2 days ago
Harley-Davidson X440 review - Harley's answer to the Royal Enfield Classic 350 | Autocar India,https://www.youtube.com/watch?v=LPXe_Mh2xno,"[None, None]",Autocar India,"With a starting price of Rs 2.29 lakh, the Harley-Davidson X440 is a mouth watering proposition. A quick ride at Hero MotoCorp‚Äôs test track reveals that the X440 offers a significantly enhanced...",693K views,1 day ago
